username,password
u1,u1
u2,u2
u3,u3
u4,u4
u5,u5
u6,u6
u7,u7
u8,u8
u9,u9
u10,u10
u11,u11
u12,u12
u13,u13
u14,u14
u15,u15
u16,u16
u17,u17
u18,u18
u19,u19
u20,u20
u21,u21
u22,u22
u23,u23
u24,u24
u25,u25
u26,u26
u27,u27
u28,u28
u29,u29
u30,u30
u31,u31
u32,u32
u33,u33
u34,u34
u35,u35
u36,u36
u37,u37
u38,u38
u39,u39
u40,u40
u41,u41
u42,u42
u43,u43
u44,u44
u45,u45
u46,u46
u47,u47
u48,u48
u49,u49
u50,u50
u51,u51
u52,u52
u53,u53
u54,u54
u55,u55
u56,u56
u57,u57
u58,u58
u59,u59
u60,u60
u61,u61
u62,u62
u63,u63
u64,u64
u65,u65
u66,u66
u67,u67
u68,u68
u69,u69
u70,u70
u71,u71
u72,u72
u73,u73
u74,u74
u75,u75
u76,u76
u77,u77
u78,u78
u79,u79
u80,u80
u81,u81
u82,u82
u83,u83
u84,u84
u85,u85
u86,u86
u87,u87
u88,u88
u89,u89
u90,u90
u91,u91
u92,u92
u93,u93
u94,u94
u95,u95
u96,u96
u97,u97
u98,u98
u99,u99
